[
  {
    "id": 1,
    "title": "Lorem Ipsum1",
    "description": "Include athletes, 1994-1995 business school grads, and 2001-2005 education grads.",
    "type": "WMJ",
    "time": "A few seconds ago"
  },
  {
    "id": 2,
    "title": "Program1",
    "description": "Include athletes, 1994-1995 business school grads, and 2001-2005 education grads.",
    "type": "WMJ",
    "time": "A few seconds ago"
  },
  {
    "id": 3,
    "title": "Lorem Ipsum3",
    "description": "Include athletes, 1994-1995 business school grads, and 2001-2005 education grads.",
    "type": "WMJ",
    "time": "A few seconds ago"
  },
  {
    "id": 4,
    "title": "Program2",
    "description": "Include athletes, 1994-1995 business school grads, and 2001-2005 education grads.",
    "type": "WMJ",
    "time": "A few seconds ago"
  },
  {
    "id": 5,
    "title": "Lorem Ipsum1",
    "description": "Include athletes, 1994-1995 business school grads, and 2001-2005 education grads.",
    "type": "WMJ",
    "time": "A few seconds ago"
  },
  {
    "id": 6,
    "title": "Program1",
    "description": "Include athletes, 1994-1995 business school grads, and 2001-2005 education grads.",
    "type": "WMJ",
    "time": "A few seconds ago"
  },
  {
    "id": 7,
    "title": "Lorem Ipsum3",
    "description": "Include athletes, 1994-1995 business school grads, and 2001-2005 education grads.",
    "type": "WMJ",
    "time": "A few seconds ago"
  },
  {
    "id": 8,
    "title": "Program2",
    "description": "Include athletes, 1994-1995 business school grads, and 2001-2005 education grads.",
    "type": "WMJ",
    "time": "A few seconds ago"
  }

]
