[
    {
        "id": 1,
        "taskDescription": "Are you ready to launch the campaign?",
        "taskType": "Upload",
        "taskDate": "19/1/2022",
        "taskCategory": "Enrollment"
    },
    {
        "id": 2,
        "taskDescription": "Beginning of the launch of campaign?",
        "taskType": "Collaboration Center",
        "taskDate": "11/1/2022",
        "taskCategory": "Student Success"
    },
    {
        "id": 3,
        "taskDescription": "Be prepared for the class",
        "taskType": "Upload",
        "taskDate": "13/1/2022",
        "taskCategory": "Financial Aid"
    },
    {
        "id": 4,
        "taskDescription": "You started a campaign 3 days ago. Ready to launch?",
        "taskType": "Collaboration Center",
        "taskDate": "12/1/2022",
        "taskCategory": "Financial Aid"
    },
    {
        "id": 5,
        "taskDescription": "Are you ready to launch the campaign?",
        "taskType": "Upload",
        "taskDate": "20/1/2022",
        "taskCategory": "Fundraising"
    },
    {
        "id": 6,
        "taskDescription": "Collaboration campaign to start soon",
        "taskType": "Collaboration Center",
        "taskDate": "1/1/2022",
        "taskCategory": "Student Success"
    },
    {
        "id": 7,
        "taskDescription": "Are you ready to launch the campaign?",
        "taskType": "Upload",
        "taskDate": "15/1/2022",
        "taskCategory": "Enrollment"
    },
    {
        "id": 8,
        "taskDescription": "Are you ready to launch the campaign?",
        "taskType": "Upload",
        "taskDate": "19/1/2022",
        "taskCategory": "Financial Aid"
    },
    {
        "id": 9,
        "taskDescription": "Collaboration campaign to start soon",
        "taskType": "Collaboration Center",
        "taskDate": "11/1/2022",
        "taskCategory": "Student Success"
    },
    {
        "id": 10,
        "taskDescription": "Collaboration campaign to start soon",
        "taskType": "Upload",
        "taskDate": "13/1/2022",
        "taskCategory": "Enrollment"
    },
    {
        "id": 11,
        "taskDescription": "Collaboration campaign to start soon",
        "taskType": "Collaboration Center",
        "taskDate": "12/1/2022",
        "taskCategory": "Financial Aid"
    },
    {
        "id": 12,
        "taskDescription": "Collaboration campaign to start soon",
        "taskType": "Upload",
        "taskDate": "20/1/2022",
        "taskCategory": "Enrollment"
    },
    {
        "id": 13,
        "taskDescription": "Collaboration campaign to start soon",
        "taskType": "Collaboration Center",
        "taskDate": "1/1/2022",
        "taskCategory": "Financial Aid"
    },
    {
        "id": 14,
        "taskDescription": "Collaboration campaign to start soon",
        "taskType": "Upload",
        "taskDate": "15/1/2022",
        "taskCategory": "Enrollment"
    },
    {
        "id": 15,
        "taskDescription": "Collaboration campaign to start soon",
        "taskType": "Upload",
        "taskDate": "15/1/2022",
        "taskCategory": "Enrollment"
    },
    {
        "id": 16,
        "taskDescription": "Collaboration campaign to start soon",
        "taskType": "Upload",
        "taskDate": "15/1/2022",
        "taskCategory": "Financial Aid"
    },
    {
        "id": 17,
        "taskDescription": "Collaboration campaign to start soon",
        "taskType": "Upload",
        "taskDate": "15/1/2022",
        "taskCategory": "Fundraisingt"
    },
    {
        "id": 19,
        "taskDescription": "Upload new student data before Spring quarter starts",
        "taskType": "Upload",
        "taskDate": "15/1/2022",
        "taskCategory": "Enrollment"
    },
    {
        "id": 20,
        "taskDescription": "Upload new student data before Spring quarter starts",
        "taskType": "Upload",
        "taskDate": "15/1/2022",
        "taskCategory": "Financial Aid"
    },
    {
        "id": 21,
        "taskDescription": "Upload new student data before Spring quarter starts",
        "taskType": "Upload",
        "taskDate": "15/1/2022",
        "taskCategory": "Enrollment"
    },
    {
        "id": 22,
        "taskDescription": "Upload new student data before Spring quarter starts",
        "taskType": "Upload",
        "taskDate": "15/1/2022",
        "taskCategory": "Fundraising"
    },
    {
        "id": 23,
        "taskDescription": "Upload new student data before Spring quarter starts",
        "taskType": "Upload",
        "taskDate": "15/1/2022",
        "taskCategory": "Enrollment"
    },
    {
        "id": 24,
        "taskDescription": "Upload new student data before Spring quarter starts",
        "taskType": "Upload",
        "taskDate": "15/1/2022",
        "taskCategory": "Enrollment"
    },
    {
        "id": 24,
        "taskDescription": "Upload new student data before Spring quarter starts",
        "taskType": "Upload",
        "taskDate": "15/1/2022",
        "taskCategory": "Fundraising"
    }
]